model_name,image_name,objects,avg_image
CenterNet_HourGlass104_512x512,Beach_900,"{'person': 11, 'kite': 8, 'surfboard': 1}",21.49247808456421
CenterNet_HourGlass104_512x512,Beach_426,"{'person': 12, 'kite': 7, 'surfboard': 1}",21.309917163848876
CenterNet_HourGlass104_512x512,Dogs_636,"{'dog': 4, 'person': 4}",21.426540184020997
CenterNet_HourGlass104_512x512,Dogs_397,"{'person': 5, 'dog': 3}",21.40103554725647
CenterNet_HourGlass104_512x512,Naxos Taverna_1024,"{'chair': 13, 'vase': 3, 'potted plant': 2, 'person': 1, 'umbrella': 1}",21.411457967758178
CenterNet_HourGlass104_512x512,Naxos Taverna_426,"{'chair': 11, 'vase': 4, 'dining table': 2, 'potted plant': 1, 'umbrella': 1, 'person': 1}",21.371204471588136
CenterNet_HourGlass104_512x512,Beatles_1800,{'bird': 2},21.394813585281373
CenterNet_HourGlass104_512x512,Beatles_640,"{'bird': 1, 'clock': 1}",21.341319131851197
CenterNet_HourGlass104_512x512,Phones_768,"{'cell phone': 9, 'book': 4, 'knife': 2, 'remote': 1, 'clock': 1, 'dining table': 1}",21.41731424331665
CenterNet_HourGlass104_512x512,Phones_480,"{'cell phone': 10, 'book': 4, 'remote': 1}",21.395870208740234
CenterNet_HourGlass104_512x512,Birds_2951,"{'bird': 18, 'book': 1}",21.574997329711913
CenterNet_HourGlass104_512x512,Birds_640,"{'bird': 17, 'book': 1}",21.371656608581542
CenterNet_HourGlass104_Keypoints_512x512,Beach_900,"{'person': 10, 'kite': 8, 'surfboard': 2}",23.40842709541321
CenterNet_HourGlass104_Keypoints_512x512,Beach_426,"{'person': 11, 'kite': 7, 'surfboard': 2}",23.42648391723633
CenterNet_HourGlass104_Keypoints_512x512,Dogs_636,"{'person': 4, 'dog': 3, 'chair': 1}",23.38678307533264
CenterNet_HourGlass104_Keypoints_512x512,Dogs_397,"{'person': 4, 'dog': 3, 'chair': 1}",23.468298292160036
CenterNet_HourGlass104_Keypoints_512x512,Naxos Taverna_1024,"{'chair': 11, 'vase': 4, 'potted plant': 3, 'person': 2}",23.410219049453737
CenterNet_HourGlass104_Keypoints_512x512,Naxos Taverna_426,"{'chair': 11, 'vase': 4, 'potted plant': 3, 'dining table': 2}",23.265922117233277
CenterNet_HourGlass104_Keypoints_512x512,Beatles_1800,"{'bicycle': 2, 'person': 1}",23.35588369369507
CenterNet_HourGlass104_Keypoints_512x512,Beatles_640,"{'clock': 1, 'bicycle': 1}",23.381392621994017
CenterNet_HourGlass104_Keypoints_512x512,Phones_768,"{'cell phone': 8, 'book': 3, 'laptop': 1, 'keyboard': 1, 'remote': 1, 'knife': 1}",23.431039094924927
CenterNet_HourGlass104_Keypoints_512x512,Phones_480,"{'cell phone': 11, 'laptop': 2, 'book': 2, 'remote': 1, 'keyboard': 1}",23.4167227268219
CenterNet_HourGlass104_Keypoints_512x512,Birds_2951,"{'bird': 9, 'book': 1, 'clock': 1}",23.448702383041383
CenterNet_HourGlass104_Keypoints_512x512,Birds_640,"{'bird': 7, 'book': 1, 'clock': 1, 'vase': 1}",23.37692985534668
CenterNet_HourGlass104_1024x1024,Beach_900,"{'person': 12, 'kite': 7, 'surfboard': 1}",84.68375959396363
CenterNet_HourGlass104_1024x1024,Beach_426,"{'person': 12, 'kite': 7, 'surfboard': 1}",85.89322910308837
CenterNet_HourGlass104_1024x1024,Dogs_636,"{'person': 8, 'dog': 4, 'handbag': 1}",86.60787725448608
CenterNet_HourGlass104_1024x1024,Dogs_397,"{'person': 9, 'dog': 3, 'handbag': 1}",84.51116261482238
CenterNet_HourGlass104_1024x1024,Naxos Taverna_1024,"{'chair': 13, 'vase': 5, 'potted plant': 1, 'dining table': 1}",84.91731882095337
CenterNet_HourGlass104_1024x1024,Naxos Taverna_426,"{'chair': 14, 'vase': 4, 'potted plant': 1, 'dining table': 1}",84.83411865234375
CenterNet_HourGlass104_1024x1024,Beatles_1800,"{'clock': 6, 'bird': 4, 'potted plant': 1, 'person': 1}",84.82862987518311
CenterNet_HourGlass104_1024x1024,Beatles_640,"{'clock': 9, 'bird': 5, 'horse': 1, 'bicycle': 1, 'person': 1}",84.75822496414185
CenterNet_HourGlass104_1024x1024,Phones_768,"{'cell phone': 14, 'book': 3, 'dining table': 1, 'remote': 1}",84.68326296806336
CenterNet_HourGlass104_1024x1024,Phones_480,"{'cell phone': 13, 'remote': 2, 'dining table': 1, 'book': 1}",84.717498254776
CenterNet_HourGlass104_1024x1024,Birds_2951,{'bird': 15},84.80638566017151
CenterNet_HourGlass104_1024x1024,Birds_640,{'bird': 14},84.85098533630371
CenterNet_HourGlass104_Keypoints_1024x1024,Beach_900,"{'person': 12, 'kite': 8}",94.42485027313232
CenterNet_HourGlass104_Keypoints_1024x1024,Beach_426,"{'person': 12, 'kite': 8}",94.33469123840332
CenterNet_HourGlass104_Keypoints_1024x1024,Dogs_636,"{'person': 9, 'dog': 2, 'chair': 1, 'horse': 1, 'handbag': 1}",94.39929609298706
CenterNet_HourGlass104_Keypoints_1024x1024,Dogs_397,"{'person': 11, 'dog': 2, 'chair': 1, 'handbag': 1}",94.42831492424011
CenterNet_HourGlass104_Keypoints_1024x1024,Naxos Taverna_1024,"{'chair': 11, 'vase': 6, 'umbrella': 1, 'potted plant': 1, 'dining table': 1}",94.39988875389099
CenterNet_HourGlass104_Keypoints_1024x1024,Naxos Taverna_426,"{'chair': 10, 'vase': 6, 'dining table': 2, 'umbrella': 1, 'potted plant': 1}",94.46595454216003
CenterNet_HourGlass104_Keypoints_1024x1024,Beatles_1800,"{'bird': 6, 'clock': 4, 'zebra': 1, 'apple': 1}",94.61161828041077
CenterNet_HourGlass104_Keypoints_1024x1024,Beatles_640,"{'bird': 6, 'clock': 3, 'zebra': 2, 'scissors': 1}",94.24898252487182
CenterNet_HourGlass104_Keypoints_1024x1024,Phones_768,"{'cell phone': 12, 'laptop': 3, 'book': 1, 'remote': 1, 'bottle': 1, 'keyboard': 1}",94.60013761520386
CenterNet_HourGlass104_Keypoints_1024x1024,Phones_480,"{'cell phone': 12, 'laptop': 4, 'book': 1, 'remote': 1}",94.69308905601501
CenterNet_HourGlass104_Keypoints_1024x1024,Birds_2951,"{'bird': 12, 'potted plant': 1}",94.38619556427003
CenterNet_HourGlass104_Keypoints_1024x1024,Birds_640,"{'bird': 11, 'potted plant': 3}",94.30940766334534
CenterNet_Resnet50_V1_FPN_512x512,Beach_900,"{'person': 12, 'kite': 6, 'surfboard': 2}",3.2439380645751954
CenterNet_Resnet50_V1_FPN_512x512,Beach_426,"{'person': 12, 'kite': 6, 'surfboard': 2}",3.2453699588775633
CenterNet_Resnet50_V1_FPN_512x512,Dogs_636,"{'person': 8, 'couch': 3, 'dog': 2, 'bench': 2, 'car': 1}",3.254288673400879
CenterNet_Resnet50_V1_FPN_512x512,Dogs_397,"{'person': 8, 'couch': 4, 'dog': 2, 'bench': 2, 'car': 1, 'motorcycle': 1}",3.2488594532012938
CenterNet_Resnet50_V1_FPN_512x512,Naxos Taverna_1024,"{'chair': 11, 'apple': 2, 'dining table': 2, 'potted plant': 2, 'vase': 1, 'person': 1, 'orange': 1}",3.2574368000030516
CenterNet_Resnet50_V1_FPN_512x512,Naxos Taverna_426,"{'chair': 14, 'dining table': 2, 'vase': 1, 'potted plant': 1, 'umbrella': 1, 'person': 1}",3.2486319541931152
CenterNet_Resnet50_V1_FPN_512x512,Beatles_1800,"{'bird': 12, 'bicycle': 4, 'zebra': 2, 'clock': 1, 'motorcycle': 1}",3.265703010559082
CenterNet_Resnet50_V1_FPN_512x512,Beatles_640,"{'bird': 15, 'clock': 2, 'bicycle': 1, 'vase': 1, 'motorcycle': 1}",3.259678506851196
CenterNet_Resnet50_V1_FPN_512x512,Phones_768,"{'cell phone': 9, 'book': 5, 'remote': 2, 'handbag': 1, 'mouse': 1, 'chair': 1, 'cup': 1}",3.2615015506744385
CenterNet_Resnet50_V1_FPN_512x512,Phones_480,"{'cell phone': 11, 'book': 3, 'remote': 2, 'mouse': 2, 'laptop': 1, 'handbag': 1}",3.255207920074463
CenterNet_Resnet50_V1_FPN_512x512,Birds_2951,"{'bird': 5, 'potted plant': 3, 'vase': 3, 'banana': 1}",3.423669767379761
CenterNet_Resnet50_V1_FPN_512x512,Birds_640,"{'bird': 6, 'potted plant': 5, 'vase': 2, 'banana': 1, 'horse': 1}",3.252109956741333
CenterNet_Resnet50_V1_FPN_Keypoints_512x512,Beach_900,"{'person': 10, 'kite': 8, 'surfboard': 1, 'backpack': 1}",3.4450374603271485
CenterNet_Resnet50_V1_FPN_Keypoints_512x512,Beach_426,"{'person': 11, 'kite': 9}",3.4325910568237306
CenterNet_Resnet50_V1_FPN_Keypoints_512x512,Dogs_636,"{'person': 9, 'dog': 5, 'cow': 1, 'horse': 1, 'cat': 1, 'teddy bear': 1}",3.430733585357666
CenterNet_Resnet50_V1_FPN_Keypoints_512x512,Dogs_397,"{'person': 9, 'dog': 3, 'cow': 1, 'horse': 1, 'teddy bear': 1, 'cat': 1}",3.443263053894043
CenterNet_Resnet50_V1_FPN_Keypoints_512x512,Naxos Taverna_1024,"{'chair': 9, 'potted plant': 4, 'dining table': 3, 'person': 2, 'vase': 1, 'umbrella': 1}",3.440831422805786
CenterNet_Resnet50_V1_FPN_Keypoints_512x512,Naxos Taverna_426,"{'chair': 10, 'potted plant': 4, 'dining table': 3, 'vase': 2, 'person': 1}",3.4401123046875
CenterNet_Resnet50_V1_FPN_Keypoints_512x512,Beatles_1800,"{'bird': 9, 'clock': 8, 'airplane': 3}",3.4668109893798826
CenterNet_Resnet50_V1_FPN_Keypoints_512x512,Beatles_640,"{'bird': 11, 'clock': 7, 'airplane': 2}",3.4495086669921875
CenterNet_Resnet50_V1_FPN_Keypoints_512x512,Phones_768,"{'cell phone': 12, 'book': 3, 'remote': 3, 'dining table': 1, 'handbag': 1}",3.419803333282471
CenterNet_Resnet50_V1_FPN_Keypoints_512x512,Phones_480,"{'cell phone': 10, 'book': 4, 'remote': 2, 'dining table': 2, 'knife': 1, 'keyboard': 1}",3.41974196434021
CenterNet_Resnet50_V1_FPN_Keypoints_512x512,Birds_2951,"{'potted plant': 3, 'bird': 2, 'zebra': 2, 'cat': 2, 'teddy bear': 1}",3.5853479385375975
CenterNet_Resnet50_V1_FPN_Keypoints_512x512,Birds_640,"{'potted plant': 5, 'bird': 4, 'cat': 3, 'vase': 1}",3.418334197998047
CenterNet_Resnet101_V1_FPN_512x512,Beach_900,"{'person': 11, 'kite': 7, 'surfboard': 1, 'dog': 1}",5.24784483909607
CenterNet_Resnet101_V1_FPN_512x512,Beach_426,"{'person': 11, 'kite': 8, 'dog': 1}",5.2374687671661375
CenterNet_Resnet101_V1_FPN_512x512,Dogs_636,"{'person': 8, 'dog': 2, 'handbag': 2, 'car': 1, 'chair': 1, 'couch': 1}",5.220239067077637
CenterNet_Resnet101_V1_FPN_512x512,Dogs_397,"{'person': 6, 'dog': 3, 'handbag': 2, 'car': 1}",5.233904123306274
CenterNet_Resnet101_V1_FPN_512x512,Naxos Taverna_1024,"{'chair': 11, 'potted plant': 4, 'dining table': 2, 'vase': 2, 'umbrella': 1}",5.247172546386719
CenterNet_Resnet101_V1_FPN_512x512,Naxos Taverna_426,"{'chair': 10, 'dining table': 5, 'potted plant': 2, 'vase': 2, 'umbrella': 1}",5.2062290668487545
CenterNet_Resnet101_V1_FPN_512x512,Beatles_1800,"{'clock': 3, 'bird': 3, 'bicycle': 2, 'vase': 2, 'scissors': 1, 'horse': 1}",5.262409925460815
CenterNet_Resnet101_V1_FPN_512x512,Beatles_640,"{'clock': 2, 'bird': 2, 'vase': 1, 'sports ball': 1, 'horse': 1, 'scissors': 1}",5.197525835037231
CenterNet_Resnet101_V1_FPN_512x512,Phones_768,"{'cell phone': 11, 'remote': 2, 'keyboard': 1}",5.192044401168824
CenterNet_Resnet101_V1_FPN_512x512,Phones_480,"{'cell phone': 13, 'remote': 1, 'sink': 1, 'knife': 1, 'car': 1, 'keyboard': 1, 'dining table': 1}",5.211997747421265
CenterNet_Resnet101_V1_FPN_512x512,Birds_2951,"{'bird': 7, 'potted plant': 1, 'banana': 1, 'toothbrush': 1}",5.392351579666138
CenterNet_Resnet101_V1_FPN_512x512,Birds_640,"{'bird': 5, 'banana': 2, 'chair': 1}",5.204484605789185
CenterNet_Resnet50_V2_512x512,Beach_900,"{'person': 11, 'kite': 8, 'surfboard': 1}",2.895543432235718
CenterNet_Resnet50_V2_512x512,Beach_426,"{'person': 10, 'kite': 8, 'surfboard': 2}",2.8764511585235595
CenterNet_Resnet50_V2_512x512,Dogs_636,"{'person': 9, 'dog': 4, 'bench': 3, 'motorcycle': 2, 'car': 1, 'cow': 1}",2.873792219161987
CenterNet_Resnet50_V2_512x512,Dogs_397,"{'person': 10, 'dog': 4, 'cow': 1, 'car': 1, 'elephant': 1, 'backpack': 1, 'bench': 1, 'baseball glove': 1}",2.883573865890503
CenterNet_Resnet50_V2_512x512,Naxos Taverna_1024,"{'chair': 12, 'potted plant': 3, 'person': 2, 'dining table': 2, 'vase': 1}",2.8960545539855955
CenterNet_Resnet50_V2_512x512,Naxos Taverna_426,"{'chair': 11, 'potted plant': 3, 'dining table': 2, 'person': 2, 'vase': 1, 'cup': 1}",2.8807921409606934
CenterNet_Resnet50_V2_512x512,Beatles_1800,"{'bird': 10, 'kite': 7, 'clock': 2, 'person': 1}",2.912688875198364
CenterNet_Resnet50_V2_512x512,Beatles_640,"{'bird': 11, 'clock': 7, 'airplane': 1, 'surfboard': 1}",2.8993202209472657
CenterNet_Resnet50_V2_512x512,Phones_768,"{'cell phone': 10, 'remote': 4, 'book': 4, 'keyboard': 1, 'handbag': 1}",2.897806692123413
CenterNet_Resnet50_V2_512x512,Phones_480,"{'cell phone': 15, 'remote': 2, 'keyboard': 1, 'knife': 1, 'dining table': 1}",2.871469020843506
CenterNet_Resnet50_V2_512x512,Birds_2951,{'bird': 7},3.0492782592773438
CenterNet_Resnet50_V2_512x512,Birds_640,"{'bird': 6, 'potted plant': 2, 'banana': 1, 'zebra': 1, 'giraffe': 1}",2.8735652923583985
CenterNet_Resnet50_V2_Keypoints_512x512,Beach_900,"{'person': 10, 'kite': 8, 'surfboard': 1, 'backpack': 1}",3.4649192333221435
CenterNet_Resnet50_V2_Keypoints_512x512,Beach_426,"{'person': 11, 'kite': 9}",3.450630712509155
CenterNet_Resnet50_V2_Keypoints_512x512,Dogs_636,"{'person': 9, 'dog': 5, 'cow': 1, 'horse': 1, 'cat': 1, 'teddy bear': 1}",3.4448551654815676
CenterNet_Resnet50_V2_Keypoints_512x512,Dogs_397,"{'person': 9, 'dog': 3, 'cow': 1, 'horse': 1, 'teddy bear': 1, 'cat': 1}",3.42500524520874
CenterNet_Resnet50_V2_Keypoints_512x512,Naxos Taverna_1024,"{'chair': 9, 'potted plant': 4, 'dining table': 3, 'person': 2, 'vase': 1, 'umbrella': 1}",3.444557762145996
CenterNet_Resnet50_V2_Keypoints_512x512,Naxos Taverna_426,"{'chair': 10, 'potted plant': 4, 'dining table': 3, 'vase': 2, 'person': 1}",3.429907751083374
CenterNet_Resnet50_V2_Keypoints_512x512,Beatles_1800,"{'bird': 9, 'clock': 8, 'airplane': 3}",3.4925040721893312
CenterNet_Resnet50_V2_Keypoints_512x512,Beatles_640,"{'bird': 11, 'clock': 7, 'airplane': 2}",3.4394927501678465
CenterNet_Resnet50_V2_Keypoints_512x512,Phones_768,"{'cell phone': 12, 'book': 3, 'remote': 3, 'dining table': 1, 'handbag': 1}",3.4305795669555663
CenterNet_Resnet50_V2_Keypoints_512x512,Phones_480,"{'cell phone': 10, 'book': 4, 'remote': 2, 'dining table': 2, 'knife': 1, 'keyboard': 1}",3.4470426082611083
CenterNet_Resnet50_V2_Keypoints_512x512,Birds_2951,"{'potted plant': 3, 'bird': 2, 'zebra': 2, 'cat': 2, 'teddy bear': 1}",3.5762688159942626
CenterNet_Resnet50_V2_Keypoints_512x512,Birds_640,"{'potted plant': 5, 'bird': 4, 'cat': 3, 'vase': 1}",3.419429349899292
EfficientDet_D0_512x512,Beach_900,"{'person': 16, 'kite': 4}",1.4095304012298584
EfficientDet_D0_512x512,Beach_426,"{'person': 16, 'kite': 4}",1.3563345909118651
EfficientDet_D0_512x512,Dogs_636,"{'dog': 6, 'bowl': 4, 'person': 4, 'couch': 2, 'chair': 1, 'cow': 1, 'cat': 1, 'bench': 1}",1.408459520339966
EfficientDet_D0_512x512,Dogs_397,"{'dog': 6, 'bowl': 4, 'person': 4, 'couch': 1, 'chair': 1, 'cow': 1, 'bench': 1, 'sheep': 1, 'cat': 1}",1.392762041091919
EfficientDet_D0_512x512,Naxos Taverna_1024,"{'chair': 13, 'dining table': 4, 'potted plant': 2, 'umbrella': 1}",1.4392587184906005
EfficientDet_D0_512x512,Naxos Taverna_426,"{'chair': 15, 'dining table': 3, 'umbrella': 1, 'potted plant': 1}",1.3674277782440185
EfficientDet_D0_512x512,Beatles_1800,"{'banana': 5, 'scissors': 4, 'clock': 4, 'vase': 3, 'fire hydrant': 2, 'bird': 2}",1.5543331623077392
EfficientDet_D0_512x512,Beatles_640,"{'scissors': 7, 'fire hydrant': 4, 'banana': 4, 'bird': 2, 'clock': 2, 'vase': 1}",1.4534175872802735
EfficientDet_D0_512x512,Phones_768,"{'cell phone': 16, 'book': 2, 'dining table': 1, 'remote': 1}",1.445176649093628
EfficientDet_D0_512x512,Phones_480,"{'cell phone': 18, 'dining table': 1, 'book': 1}",1.415897274017334
EfficientDet_D0_512x512,Birds_2951,"{'bird': 19, 'zebra': 1}",1.7647879123687744
EfficientDet_D0_512x512,Birds_640,{'bird': 20},1.4242915153503417
EfficientDet_D1_640x640,Beach_900,"{'person': 12, 'kite': 8}",2.8353202819824217
EfficientDet_D1_640x640,Beach_426,"{'person': 11, 'kite': 9}",2.7860561847686767
EfficientDet_D1_640x640,Dogs_636,"{'person': 9, 'dog': 7, 'chair': 2, 'cat': 1, 'car': 1}",2.8554513931274412
EfficientDet_D1_640x640,Dogs_397,"{'person': 9, 'dog': 7, 'chair': 2, 'cat': 1, 'car': 1}",2.772757959365845
EfficientDet_D1_640x640,Naxos Taverna_1024,"{'chair': 14, 'dining table': 2, 'potted plant': 2, 'umbrella': 1, 'vase': 1}",2.8219554901123045
EfficientDet_D1_640x640,Naxos Taverna_426,"{'chair': 13, 'potted plant': 3, 'dining table': 2, 'umbrella': 1, 'vase': 1}",2.7652541637420653
EfficientDet_D1_640x640,Beatles_1800,"{'bird': 12, 'giraffe': 5, 'person': 3}",2.9348942756652834
EfficientDet_D1_640x640,Beatles_640,"{'bird': 16, 'giraffe': 3, 'person': 1}",2.828844499588013
EfficientDet_D1_640x640,Phones_768,"{'cell phone': 16, 'book': 2, 'dining table': 1, 'handbag': 1}",2.8511614322662355
EfficientDet_D1_640x640,Phones_480,"{'cell phone': 16, 'book': 2, 'dining table': 1, 'handbag': 1}",2.8261663913726807
EfficientDet_D1_640x640,Birds_2951,"{'bird': 17, 'potted plant': 1, 'apple': 1, 'cat': 1}",3.1759383201599123
EfficientDet_D1_640x640,Birds_640,"{'bird': 17, 'apple': 1, 'potted plant': 1, 'cat': 1}",2.812400054931641
EfficientDet_D2_768x768,Beach_900,"{'person': 11, 'kite': 9}",4.451314926147461
EfficientDet_D2_768x768,Beach_426,"{'person': 11, 'kite': 9}",4.4134132862091064
EfficientDet_D2_768x768,Dogs_636,"{'person': 10, 'dog': 8, 'chair': 1, 'bench': 1}",4.458688735961914
EfficientDet_D2_768x768,Dogs_397,"{'person': 10, 'dog': 7, 'chair': 1, 'bench': 1}",4.454365873336792
EfficientDet_D2_768x768,Naxos Taverna_1024,"{'chair': 13, 'potted plant': 3, 'dining table': 2, 'umbrella': 1, 'vase': 1}",4.484266328811645
EfficientDet_D2_768x768,Naxos Taverna_426,"{'chair': 13, 'dining table': 3, 'potted plant': 2, 'umbrella': 1, 'vase': 1}",4.419239711761475
EfficientDet_D2_768x768,Beatles_1800,"{'sheep': 9, 'motorcycle': 3, 'vase': 3, 'fire hydrant': 3, 'person': 2}",4.595886516571045
EfficientDet_D2_768x768,Beatles_640,"{'sheep': 9, 'motorcycle': 4, 'person': 3, 'vase': 2, 'fire hydrant': 1, 'cow': 1}",4.509438419342041
EfficientDet_D2_768x768,Phones_768,"{'cell phone': 14, 'book': 3, 'remote': 2, 'dining table': 1}",4.52545862197876
EfficientDet_D2_768x768,Phones_480,"{'cell phone': 14, 'book': 3, 'remote': 2, 'dining table': 1}",4.475622272491455
EfficientDet_D2_768x768,Birds_2951,"{'bird': 19, 'scissors': 1}",4.8239504337310795
EfficientDet_D2_768x768,Birds_640,{'bird': 19},4.463230752944947
EfficientDet_D3_896x896,Beach_900,"{'person': 13, 'kite': 7}",8.53569312095642
EfficientDet_D3_896x896,Beach_426,"{'person': 12, 'kite': 8}",8.477494859695435
EfficientDet_D3_896x896,Dogs_636,"{'person': 8, 'dog': 5, 'chair': 3, 'car': 1, 'bowl': 1, 'sheep': 1, 'bench': 1}",8.514989995956421
EfficientDet_D3_896x896,Dogs_397,"{'person': 8, 'dog': 5, 'car': 3, 'chair': 2, 'bench': 1, 'bowl': 1}",8.488919162750244
EfficientDet_D3_896x896,Naxos Taverna_1024,"{'chair': 13, 'dining table': 4, 'vase': 1, 'potted plant': 1, 'umbrella': 1}",8.543879747390747
EfficientDet_D3_896x896,Naxos Taverna_426,"{'chair': 13, 'potted plant': 3, 'dining table': 2, 'vase': 1, 'umbrella': 1}",8.502308130264282
EfficientDet_D3_896x896,Beatles_1800,{'person': 1},8.608485126495362
EfficientDet_D3_896x896,Beatles_640,{'person': 1},8.530486154556275
EfficientDet_D3_896x896,Phones_768,"{'cell phone': 12, 'book': 4, 'cup': 2, 'dining table': 1, 'remote': 1}",8.557811737060547
EfficientDet_D3_896x896,Phones_480,"{'cell phone': 11, 'cup': 3, 'book': 3, 'dining table': 1, 'remote': 1}",8.549527978897094
EfficientDet_D3_896x896,Birds_2951,"{'bird': 16, 'book': 1, 'potted plant': 1}",8.875619268417358
EfficientDet_D3_896x896,Birds_640,"{'bird': 17, 'book': 2, 'potted plant': 1}",8.492410135269164
EfficientDet_D4_1024x1024,Beach_900,"{'person': 13, 'kite': 7}",15.877746391296387
EfficientDet_D4_1024x1024,Beach_426,"{'person': 12, 'kite': 8}",15.692781972885133
EfficientDet_D4_1024x1024,Dogs_636,"{'person': 7, 'dog': 5, 'chair': 2}",15.751339197158813
EfficientDet_D4_1024x1024,Dogs_397,"{'person': 7, 'dog': 6, 'chair': 3, 'couch': 2}",15.74914002418518
EfficientDet_D4_1024x1024,Naxos Taverna_1024,"{'chair': 13, 'dining table': 3, 'vase': 2, 'potted plant': 1, 'umbrella': 1}",15.850726509094239
EfficientDet_D4_1024x1024,Naxos Taverna_426,"{'chair': 14, 'dining table': 3, 'vase': 1, 'umbrella': 1, 'potted plant': 1}",15.788160133361817
EfficientDet_D4_1024x1024,Beatles_1800,"{'bird': 3, 'vase': 1, 'clock': 1}",16.00947012901306
EfficientDet_D4_1024x1024,Beatles_640,"{'bird': 4, 'scissors': 2, 'clock': 1, 'vase': 1}",15.883999490737915
EfficientDet_D4_1024x1024,Phones_768,"{'cell phone': 11, 'knife': 2, 'remote': 2, 'book': 2, 'dining table': 1}",15.875035762786865
EfficientDet_D4_1024x1024,Phones_480,"{'cell phone': 13, 'knife': 2, 'remote': 2, 'dining table': 1, 'book': 1}",15.7970458984375
EfficientDet_D4_1024x1024,Birds_2951,{'bird': 14},16.08601303100586
EfficientDet_D4_1024x1024,Birds_640,{'bird': 13},15.815257787704468
EfficientDet_D5_1280x1280,Beach_900,"{'person': 11, 'kite': 7, 'surfboard': 2}",34.440262365341184
EfficientDet_D5_1280x1280,Beach_426,"{'person': 12, 'kite': 7, 'surfboard': 1}",34.361782026290896
EfficientDet_D5_1280x1280,Dogs_636,"{'person': 6, 'dog': 5, 'chair': 5, 'sheep': 1, 'cow': 1, 'car': 1, 'bottle': 1}",34.50605850219726
EfficientDet_D5_1280x1280,Dogs_397,"{'person': 6, 'dog': 5, 'chair': 3, 'sheep': 2, 'cow': 1, 'car': 1, 'bottle': 1, 'cup': 1}",34.524619579315186
EfficientDet_D5_1280x1280,Naxos Taverna_1024,"{'chair': 11, 'vase': 4, 'dining table': 2, 'potted plant': 2, 'umbrella': 1}",34.50509209632874
EfficientDet_D5_1280x1280,Naxos Taverna_426,"{'chair': 12, 'vase': 3, 'dining table': 2, 'potted plant': 2, 'umbrella': 1}",34.56469941139221
EfficientDet_D5_1280x1280,Beatles_1800,{'bird': 1},34.483552026748654
EfficientDet_D5_1280x1280,Beatles_640,{},34.57026476860047
EfficientDet_D5_1280x1280,Phones_768,"{'cell phone': 13, 'book': 4, 'dining table': 1, 'knife': 1, 'remote': 1}",34.58488802909851
EfficientDet_D5_1280x1280,Phones_480,"{'cell phone': 12, 'book': 4, 'remote': 2, 'dining table': 1, 'knife': 1}",34.45839228630066
EfficientDet_D5_1280x1280,Birds_2951,"{'bird': 12, 'book': 1}",34.97224259376526
EfficientDet_D5_1280x1280,Birds_640,"{'bird': 13, 'book': 1}",34.575153017044066
EfficientDet_D6_1280x1280,Beach_900,"{'person': 12, 'kite': 7, 'surfboard': 1}",60.52915177345276
EfficientDet_D6_1280x1280,Beach_426,"{'person': 12, 'kite': 7, 'surfboard': 1}",60.07837285995483
EfficientDet_D6_1280x1280,Dogs_636,"{'dog': 6, 'person': 6, 'chair': 4}",60.32994198799133
EfficientDet_D6_1280x1280,Dogs_397,"{'dog': 6, 'person': 6, 'chair': 5, 'backpack': 1, 'sheep': 1}",60.123651313781735
EfficientDet_D6_1280x1280,Naxos Taverna_1024,"{'chair': 13, 'vase': 4, 'dining table': 2, 'potted plant': 1}",60.291368293762204
EfficientDet_D6_1280x1280,Naxos Taverna_426,"{'chair': 14, 'vase': 4, 'dining table': 1, 'potted plant': 1}",60.33428292274475
EfficientDet_D6_1280x1280,Beatles_1800,"{'bird': 3, 'vase': 1}",60.60656299591064
EfficientDet_D6_1280x1280,Beatles_640,"{'bird': 6, 'vase': 1}",60.5322286605835
EfficientDet_D6_1280x1280,Phones_768,"{'cell phone': 14, 'book': 3, 'knife': 2, 'dining table': 1}",60.62986946105957
EfficientDet_D6_1280x1280,Phones_480,"{'cell phone': 15, 'book': 2, 'dining table': 1, 'knife': 1, 'remote': 1}",60.60357060432434
EfficientDet_D6_1280x1280,Birds_2951,{'bird': 12},60.84310426712036
EfficientDet_D6_1280x1280,Birds_640,{'bird': 17},60.68708610534668
EfficientDet_D7_1536x1536,Beach_900,"{'person': 12, 'kite': 7, 'surfboard': 1}",71.67971324920654
EfficientDet_D7_1536x1536,Beach_426,"{'person': 13, 'kite': 7}",72.03400821685791
EfficientDet_D7_1536x1536,Dogs_636,"{'person': 6, 'dog': 4, 'chair': 3, 'horse': 1}",71.66295895576476
EfficientDet_D7_1536x1536,Dogs_397,"{'person': 6, 'dog': 4, 'chair': 3, 'horse': 1, 'couch': 1, 'cow': 1}",71.91740956306458
EfficientDet_D7_1536x1536,Naxos Taverna_1024,"{'chair': 12, 'vase': 5, 'dining table': 2, 'potted plant': 1}",72.09827480316162
EfficientDet_D7_1536x1536,Naxos Taverna_426,"{'chair': 13, 'vase': 3, 'dining table': 2, 'potted plant': 1, 'umbrella': 1}",72.05001893043519
EfficientDet_D7_1536x1536,Beatles_1800,{},73.62267093658447
EfficientDet_D7_1536x1536,Beatles_640,{'bird': 1},72.6014678478241
EfficientDet_D7_1536x1536,Phones_768,"{'cell phone': 13, 'book': 4, 'dining table': 1, 'person': 1}",72.86116371154785
EfficientDet_D7_1536x1536,Phones_480,"{'cell phone': 13, 'book': 2, 'dining table': 1, 'remote': 1, 'person': 1}",72.33178639411926
EfficientDet_D7_1536x1536,Birds_2951,"{'bird': 10, 'book': 2}",72.83260836601258
EfficientDet_D7_1536x1536,Birds_640,"{'bird': 10, 'book': 2}",72.82815666198731
SSD_MobileNet_v2_320x320,Beach_900,"{'person': 10, 'kite': 7, 'bird': 3}",0.28376307487487795
SSD_MobileNet_v2_320x320,Beach_426,"{'person': 9, 'kite': 6, 'bird': 4, 'boat': 1}",0.25464911460876466
SSD_MobileNet_v2_320x320,Dogs_636,"{'person': 8, 'dog': 6, 'chair': 3, 'handbag': 1, 'dining table': 1, 'bed': 1}",0.27533531188964844
SSD_MobileNet_v2_320x320,Dogs_397,"{'dog': 7, 'person': 7, 'chair': 3, 'handbag': 1, 'car': 1, 'dining table': 1}",0.2608485221862793
SSD_MobileNet_v2_320x320,Naxos Taverna_1024,"{'person': 9, 'chair': 6, 'car': 2, 'umbrella': 1, 'dining table': 1, 'traffic light': 1}",0.29706735610961915
SSD_MobileNet_v2_320x320,Naxos Taverna_426,"{'chair': 11, 'person': 5, 'umbrella': 3, 'dining table': 1}",0.25748229026794434
SSD_MobileNet_v2_320x320,Beatles_1800,"{'bird': 10, 'airplane': 6, 'person': 2, 'clock': 1, 'traffic light': 1}",0.32715568542480467
SSD_MobileNet_v2_320x320,Beatles_640,"{'bird': 9, 'airplane': 8, 'clock': 1, 'traffic light': 1, 'person': 1}",0.25969700813293456
SSD_MobileNet_v2_320x320,Phones_768,"{'cell phone': 9, 'book': 2, 'remote': 1, 'suitcase': 1, 'backpack': 1, 'laptop': 1, 'handbag': 1, 'dining table': 1, 'chair': 1, 'bottle': 1, 'mouse': 1}",0.2748805046081543
SSD_MobileNet_v2_320x320,Phones_480,"{'cell phone': 10, 'book': 2, 'laptop': 1, 'remote': 1, 'handbag': 1, 'suitcase': 1, 'backpack': 1, 'dining table': 1, 'chair': 1, 'mouse': 1}",0.26049022674560546
SSD_MobileNet_v2_320x320,Birds_2951,"{'bird': 8, 'vase': 2, 'teddy bear': 2, 'potted plant': 1, 'book': 1, 'tv': 1, 'airplane': 1, 'bed': 1, 'refrigerator': 1, 'person': 1, 'kite': 1}",0.5375315189361572
SSD_MobileNet_v2_320x320,Birds_640,"{'potted plant': 5, 'bird': 5, 'vase': 2, 'teddy bear': 2, 'cat': 2, 'book': 1, 'tv': 1, 'bed': 1, 'person': 1}",0.2628937721252441
SSD_MobileNet_V1_FPN_640x640,Beach_900,"{'person': 12, 'kite': 6, 'bird': 2}",5.257483911514282
SSD_MobileNet_V1_FPN_640x640,Beach_426,"{'person': 11, 'kite': 7, 'bird': 2}",5.233685827255249
SSD_MobileNet_V1_FPN_640x640,Dogs_636,"{'dog': 9, 'person': 8, 'cow': 1, 'car': 1, 'bench': 1}",5.236259269714355
SSD_MobileNet_V1_FPN_640x640,Dogs_397,"{'dog': 9, 'person': 8, 'cow': 1, 'car': 1, 'bench': 1}",5.252897882461548
SSD_MobileNet_V1_FPN_640x640,Naxos Taverna_1024,"{'chair': 11, 'potted plant': 4, 'dining table': 3, 'umbrella': 2}",5.281605434417725
SSD_MobileNet_V1_FPN_640x640,Naxos Taverna_426,"{'chair': 11, 'dining table': 4, 'potted plant': 3, 'umbrella': 2}",5.280985164642334
SSD_MobileNet_V1_FPN_640x640,Beatles_1800,"{'bicycle': 8, 'traffic light': 3, 'clock': 2, 'motorcycle': 2, 'pizza': 1, 'book': 1, 'potted plant': 1, 'bird': 1, 'airplane': 1}",5.314662885665894
SSD_MobileNet_V1_FPN_640x640,Beatles_640,"{'bicycle': 7, 'motorcycle': 3, 'clock': 2, 'bird': 2, 'traffic light': 1, 'pizza': 1, 'potted plant': 1, 'book': 1, 'horse': 1, 'scissors': 1}",5.281886959075928
SSD_MobileNet_V1_FPN_640x640,Phones_768,"{'cell phone': 18, 'dining table': 1, 'remote': 1}",5.257933950424194
SSD_MobileNet_V1_FPN_640x640,Phones_480,"{'cell phone': 16, 'remote': 1, 'dining table': 1, 'cup': 1, 'knife': 1}",5.259073638916016
SSD_MobileNet_V1_FPN_640x640,Birds_2951,"{'bird': 13, 'fork': 5, 'vase': 1, 'spoon': 1}",5.5332146167755125
SSD_MobileNet_V1_FPN_640x640,Birds_640,"{'bird': 17, 'fork': 2, 'vase': 1}",5.27933988571167
SSD_MobileNet_V2_FPNLite_320x320,Beach_900,"{'person': 11, 'kite': 8, 'surfboard': 1}",0.41398181915283205
SSD_MobileNet_V2_FPNLite_320x320,Beach_426,"{'person': 11, 'kite': 8, 'surfboard': 1}",0.3775173187255859
SSD_MobileNet_V2_FPNLite_320x320,Dogs_636,"{'person': 10, 'dog': 6, 'couch': 2, 'cow': 1, 'cat': 1}",0.40242204666137693
SSD_MobileNet_V2_FPNLite_320x320,Dogs_397,"{'person': 10, 'dog': 6, 'cat': 1, 'cow': 1, 'chair': 1, 'couch': 1}",0.3886803150177002
SSD_MobileNet_V2_FPNLite_320x320,Naxos Taverna_1024,"{'chair': 14, 'umbrella': 2, 'dining table': 2, 'potted plant': 1, 'person': 1}",0.42955703735351564
SSD_MobileNet_V2_FPNLite_320x320,Naxos Taverna_426,"{'chair': 15, 'umbrella': 2, 'dining table': 2, 'potted plant': 1}",0.38077306747436523
SSD_MobileNet_V2_FPNLite_320x320,Beatles_1800,"{'airplane': 14, 'bird': 5, 'person': 1}",0.45113582611083985
SSD_MobileNet_V2_FPNLite_320x320,Beatles_640,"{'airplane': 12, 'bird': 6, 'person': 1, 'zebra': 1}",0.38966779708862304
SSD_MobileNet_V2_FPNLite_320x320,Phones_768,"{'cell phone': 15, 'remote': 2, 'dining table': 1, 'cup': 1, 'laptop': 1}",0.4143379688262939
SSD_MobileNet_V2_FPNLite_320x320,Phones_480,"{'cell phone': 16, 'laptop': 3, 'dining table': 1}",0.40192279815673826
SSD_MobileNet_V2_FPNLite_320x320,Birds_2951,"{'bird': 16, 'clock': 3, 'potted plant': 1}",0.6588738918304443
SSD_MobileNet_V2_FPNLite_320x320,Birds_640,"{'bird': 15, 'potted plant': 4, 'clock': 1}",0.38782100677490233
SSD_MobileNet_V2_FPNLite_640x640,Beach_900,"{'person': 14, 'kite': 6}",1.334254264831543
SSD_MobileNet_V2_FPNLite_640x640,Beach_426,"{'person': 12, 'kite': 8}",1.3066262245178222
SSD_MobileNet_V2_FPNLite_640x640,Dogs_636,"{'dog': 9, 'person': 7, 'cat': 1, 'cow': 1, 'horse': 1, 'chair': 1}",1.3174766063690186
SSD_MobileNet_V2_FPNLite_640x640,Dogs_397,"{'dog': 10, 'person': 6, 'cat': 1, 'cow': 1, 'horse': 1, 'bench': 1}",1.3186981201171875
SSD_MobileNet_V2_FPNLite_640x640,Naxos Taverna_1024,"{'chair': 11, 'potted plant': 4, 'dining table': 3, 'umbrella': 1, 'vase': 1}",1.3665890216827392
SSD_MobileNet_V2_FPNLite_640x640,Naxos Taverna_426,"{'chair': 11, 'dining table': 4, 'potted plant': 3, 'umbrella': 2}",1.3135811805725097
SSD_MobileNet_V2_FPNLite_640x640,Beatles_1800,"{'traffic light': 5, 'bird': 5, 'kite': 5, 'person': 3, 'motorcycle': 1, 'airplane': 1}",1.3798515319824218
SSD_MobileNet_V2_FPNLite_640x640,Beatles_640,"{'person': 5, 'kite': 4, 'traffic light': 3, 'bird': 3, 'motorcycle': 2, 'vase': 1, 'car': 1, 'fire hydrant': 1}",1.329349899291992
SSD_MobileNet_V2_FPNLite_640x640,Phones_768,"{'cell phone': 13, 'remote': 3, 'book': 2, 'mouse': 1, 'knife': 1}",1.3366084575653077
SSD_MobileNet_V2_FPNLite_640x640,Phones_480,"{'cell phone': 14, 'remote': 2, 'book': 2, 'mouse': 2}",1.3252780437469482
SSD_MobileNet_V2_FPNLite_640x640,Birds_2951,"{'bird': 7, 'teddy bear': 3, 'baseball glove': 2, 'potted plant': 1, 'tennis racket': 1, 'vase': 1, 'frisbee': 1, 'apple': 1, 'baseball bat': 1, 'person': 1, 'cat': 1}",1.5796332836151123
SSD_MobileNet_V2_FPNLite_640x640,Birds_640,"{'teddy bear': 5, 'bird': 5, 'potted plant': 3, 'vase': 2, 'baseball glove': 2, 'apple': 1, 'baseball bat': 1, 'dog': 1}",1.3126755237579346
SSD_ResNet50_V1_FPN_640x640_(RetinaNet50),Beach_900,"{'person': 11, 'kite': 9}",7.802094268798828
SSD_ResNet50_V1_FPN_640x640_(RetinaNet50),Beach_426,"{'person': 11, 'kite': 9}",7.7423852443695065
SSD_ResNet50_V1_FPN_640x640_(RetinaNet50),Dogs_636,"{'dog': 11, 'person': 7, 'cow': 1, 'chair': 1}",7.77118992805481
SSD_ResNet50_V1_FPN_640x640_(RetinaNet50),Dogs_397,"{'dog': 12, 'person': 7, 'cow': 1}",7.749097394943237
SSD_ResNet50_V1_FPN_640x640_(RetinaNet50),Naxos Taverna_1024,"{'chair': 12, 'dining table': 3, 'potted plant': 3, 'umbrella': 1, 'vase': 1}",7.861701250076294
SSD_ResNet50_V1_FPN_640x640_(RetinaNet50),Naxos Taverna_426,"{'chair': 12, 'dining table': 3, 'potted plant': 3, 'umbrella': 1, 'vase': 1}",7.8167801856994625
SSD_ResNet50_V1_FPN_640x640_(RetinaNet50),Beatles_1800,"{'bird': 7, 'traffic light': 3, 'potted plant': 3, 'clock': 1, 'pizza': 1, 'bicycle': 1, 'kite': 1, 'sports ball': 1, 'vase': 1, 'bottle': 1}",7.867588090896606
SSD_ResNet50_V1_FPN_640x640_(RetinaNet50),Beatles_640,"{'bird': 9, 'potted plant': 4, 'traffic light': 2, 'vase': 2, 'clock': 1, 'pizza': 1, 'bottle': 1}",7.783606338500976
SSD_ResNet50_V1_FPN_640x640_(RetinaNet50),Phones_768,"{'cell phone': 12, 'book': 3, 'knife': 2, 'dining table': 1, 'remote': 1, 'laptop': 1}",7.836502742767334
SSD_ResNet50_V1_FPN_640x640_(RetinaNet50),Phones_480,"{'cell phone': 12, 'knife': 2, 'book': 2, 'dining table': 1, 'laptop': 1, 'mouse': 1, 'remote': 1}",7.795990800857544
SSD_ResNet50_V1_FPN_640x640_(RetinaNet50),Birds_2951,"{'bird': 17, 'fork': 2, 'potted plant': 1}",8.046372127532958
SSD_ResNet50_V1_FPN_640x640_(RetinaNet50),Birds_640,"{'bird': 17, 'potted plant': 2, 'fork': 1}",7.776862478256225
SSD_ResNet50_V1_FPN_1024x1024_(RetinaNet50),Beach_900,"{'person': 12, 'kite': 8}",19.39791097640991
SSD_ResNet50_V1_FPN_1024x1024_(RetinaNet50),Beach_426,"{'person': 11, 'kite': 8, 'surfboard': 1}",19.428119039535524
SSD_ResNet50_V1_FPN_1024x1024_(RetinaNet50),Dogs_636,"{'dog': 10, 'person': 7, 'car': 2, 'chair': 1}",19.335561180114745
SSD_ResNet50_V1_FPN_1024x1024_(RetinaNet50),Dogs_397,"{'dog': 10, 'person': 7, 'car': 3}",19.396839570999145
SSD_ResNet50_V1_FPN_1024x1024_(RetinaNet50),Naxos Taverna_1024,"{'chair': 11, 'vase': 3, 'dining table': 3, 'potted plant': 2, 'umbrella': 1}",19.480910539627075
SSD_ResNet50_V1_FPN_1024x1024_(RetinaNet50),Naxos Taverna_426,"{'chair': 10, 'vase': 3, 'dining table': 3, 'potted plant': 2, 'umbrella': 2}",19.453833150863648
SSD_ResNet50_V1_FPN_1024x1024_(RetinaNet50),Beatles_1800,"{'clock': 2, 'backpack': 2, 'vase': 1, 'handbag': 1, 'baseball glove': 1, 'kite': 1, 'potted plant': 1, 'bird': 1, 'bicycle': 1, 'bowl': 1, 'traffic light': 1}",19.62543158531189
SSD_ResNet50_V1_FPN_1024x1024_(RetinaNet50),Beatles_640,"{'bird': 4, 'horse': 2, 'bicycle': 2, 'traffic light': 2, 'clock': 1, 'potted plant': 1, 'vase': 1, 'bowl': 1, 'dog': 1, 'baseball glove': 1, 'person': 1}",19.575237464904784
SSD_ResNet50_V1_FPN_1024x1024_(RetinaNet50),Phones_768,"{'cell phone': 12, 'laptop': 2, 'remote': 2, 'book': 1, 'knife': 1, 'cup': 1, 'dining table': 1}",19.436878442764282
SSD_ResNet50_V1_FPN_1024x1024_(RetinaNet50),Phones_480,"{'cell phone': 13, 'book': 2, 'knife': 1, 'cup': 1, 'remote': 1, 'laptop': 1, 'dining table': 1}",19.378715467453002
SSD_ResNet50_V1_FPN_1024x1024_(RetinaNet50),Birds_2951,"{'bird': 17, 'cat': 1, 'spoon': 1, 'fork': 1}",19.677936172485353
SSD_ResNet50_V1_FPN_1024x1024_(RetinaNet50),Birds_640,"{'bird': 16, 'fork': 2, 'cat': 1, 'kite': 1}",19.361392641067503
SSD_ResNet101_V1_FPN_640x640_(RetinaNet101),Beach_900,"{'person': 12, 'kite': 8}",10.581683158874512
SSD_ResNet101_V1_FPN_640x640_(RetinaNet101),Beach_426,"{'person': 12, 'kite': 8}",10.551711273193359
SSD_ResNet101_V1_FPN_640x640_(RetinaNet101),Dogs_636,"{'person': 11, 'dog': 7, 'cow': 1, 'car': 1}",10.550900888442992
SSD_ResNet101_V1_FPN_640x640_(RetinaNet101),Dogs_397,"{'person': 11, 'dog': 7, 'cow': 1, 'car': 1}",10.557661819458009
SSD_ResNet101_V1_FPN_640x640_(RetinaNet101),Naxos Taverna_1024,"{'chair': 12, 'dining table': 3, 'potted plant': 2, 'umbrella': 2, 'vase': 1}",10.597863101959229
SSD_ResNet101_V1_FPN_640x640_(RetinaNet101),Naxos Taverna_426,"{'chair': 12, 'potted plant': 3, 'dining table': 3, 'vase': 1, 'umbrella': 1}",10.565258312225343
SSD_ResNet101_V1_FPN_640x640_(RetinaNet101),Beatles_1800,"{'clock': 7, 'bird': 3, 'traffic light': 2, 'book': 1, 'kite': 1, 'vase': 1, 'keyboard': 1, 'potted plant': 1, 'laptop': 1, 'tie': 1, 'cat': 1}",10.610687685012817
SSD_ResNet101_V1_FPN_640x640_(RetinaNet101),Beatles_640,"{'clock': 5, 'bird': 3, 'kite': 2, 'vase': 2, 'traffic light': 2, 'book': 1, 'potted plant': 1, 'keyboard': 1, 'tie': 1, 'cat': 1, 'scissors': 1}",10.53789234161377
SSD_ResNet101_V1_FPN_640x640_(RetinaNet101),Phones_768,"{'cell phone': 14, 'dining table': 1, 'cup': 1, 'book': 1, 'remote': 1, 'laptop': 1, 'handbag': 1}",10.578546857833862
SSD_ResNet101_V1_FPN_640x640_(RetinaNet101),Phones_480,"{'cell phone': 15, 'dining table': 1, 'book': 1, 'cup': 1, 'laptop': 1, 'remote': 1}",10.554337453842162
SSD_ResNet101_V1_FPN_640x640_(RetinaNet101),Birds_2951,"{'bird': 14, 'fork': 4, 'potted plant': 1, 'kite': 1}",10.773311710357666
SSD_ResNet101_V1_FPN_640x640_(RetinaNet101),Birds_640,"{'bird': 12, 'fork': 5, 'potted plant': 1, 'kite': 1, 'spoon': 1}",10.528339767456055
SSD_ResNet101_V1_FPN_1024x1024_(RetinaNet101),Beach_900,"{'person': 11, 'kite': 9}",26.132514095306398
SSD_ResNet101_V1_FPN_1024x1024_(RetinaNet101),Beach_426,"{'person': 11, 'kite': 9}",26.120590734481812
SSD_ResNet101_V1_FPN_1024x1024_(RetinaNet101),Dogs_636,"{'person': 9, 'dog': 8, 'car': 1, 'chair': 1, 'backpack': 1}",26.295633125305176
SSD_ResNet101_V1_FPN_1024x1024_(RetinaNet101),Dogs_397,"{'dog': 8, 'person': 8, 'car': 1, 'chair': 1, 'backpack': 1, 'cow': 1}",26.38862566947937
SSD_ResNet101_V1_FPN_1024x1024_(RetinaNet101),Naxos Taverna_1024,"{'chair': 14, 'vase': 2, 'dining table': 2, 'umbrella': 1, 'potted plant': 1}",26.107486152648924
SSD_ResNet101_V1_FPN_1024x1024_(RetinaNet101),Naxos Taverna_426,"{'chair': 13, 'vase': 2, 'umbrella': 2, 'dining table': 2, 'potted plant': 1}",26.229660749435425
SSD_ResNet101_V1_FPN_1024x1024_(RetinaNet101),Beatles_1800,"{'horse': 4, 'vase': 4, 'potted plant': 4, 'traffic light': 2, 'backpack': 2, 'clock': 2, 'bird': 1, 'book': 1}",26.238319063186644
SSD_ResNet101_V1_FPN_1024x1024_(RetinaNet101),Beatles_640,"{'horse': 8, 'vase': 2, 'bird': 2, 'cow': 2, 'clock': 2, 'traffic light': 1, 'potted plant': 1, 'zebra': 1, 'broccoli': 1}",26.111599254608155
SSD_ResNet101_V1_FPN_1024x1024_(RetinaNet101),Phones_768,"{'cell phone': 13, 'book': 4, 'knife': 1, 'remote': 1, 'dining table': 1}",26.089599943161012
SSD_ResNet101_V1_FPN_1024x1024_(RetinaNet101),Phones_480,"{'cell phone': 13, 'book': 4, 'knife': 1, 'remote': 1, 'dining table': 1}",26.095069789886473
SSD_ResNet101_V1_FPN_1024x1024_(RetinaNet101),Birds_2951,"{'bird': 11, 'fork': 9}",26.367997026443483
SSD_ResNet101_V1_FPN_1024x1024_(RetinaNet101),Birds_640,"{'bird': 13, 'fork': 7}",26.132458877563476
SSD_ResNet152_V1_FPN_640x640_(RetinaNet152),Beach_900,"{'person': 12, 'kite': 8}",13.381039142608643
SSD_ResNet152_V1_FPN_640x640_(RetinaNet152),Beach_426,"{'person': 12, 'kite': 8}",13.404863929748535
SSD_ResNet152_V1_FPN_640x640_(RetinaNet152),Dogs_636,"{'dog': 8, 'person': 8, 'car': 1, 'backpack': 1, 'handbag': 1, 'couch': 1}",13.38386492729187
SSD_ResNet152_V1_FPN_640x640_(RetinaNet152),Dogs_397,"{'person': 8, 'dog': 7, 'car': 2, 'backpack': 1, 'handbag': 1, 'couch': 1}",13.386399984359741
SSD_ResNet152_V1_FPN_640x640_(RetinaNet152),Naxos Taverna_1024,"{'chair': 13, 'dining table': 3, 'potted plant': 2, 'vase': 1, 'umbrella': 1}",13.412676763534545
SSD_ResNet152_V1_FPN_640x640_(RetinaNet152),Naxos Taverna_426,"{'chair': 13, 'potted plant': 3, 'dining table': 2, 'vase': 1, 'umbrella': 1}",13.40181393623352
SSD_ResNet152_V1_FPN_640x640_(RetinaNet152),Beatles_1800,"{'bird': 9, 'clock': 2, 'kite': 2, 'traffic light': 2, 'vase': 1, 'motorcycle': 1, 'book': 1, 'potted plant': 1, 'horse': 1}",13.397694206237793
SSD_ResNet152_V1_FPN_640x640_(RetinaNet152),Beatles_640,"{'bird': 11, 'clock': 2, 'kite': 2, 'traffic light': 1, 'vase': 1, 'motorcycle': 1, 'potted plant': 1, 'horse': 1}",13.445571851730346
SSD_ResNet152_V1_FPN_640x640_(RetinaNet152),Phones_768,"{'cell phone': 14, 'book': 3, 'cup': 2, 'dining table': 1}",13.427967262268066
SSD_ResNet152_V1_FPN_640x640_(RetinaNet152),Phones_480,"{'cell phone': 15, 'book': 2, 'dining table': 1, 'cup': 1, 'keyboard': 1}",13.419675159454346
SSD_ResNet152_V1_FPN_640x640_(RetinaNet152),Birds_2951,"{'bird': 15, 'fork': 2, 'kite': 1, 'potted plant': 1, 'book': 1}",13.661425685882568
SSD_ResNet152_V1_FPN_640x640_(RetinaNet152),Birds_640,"{'bird': 15, 'fork': 2, 'kite': 1, 'potted plant': 1, 'book': 1}",13.501307106018066
SSD_ResNet152_V1_FPN_1024x1024_(RetinaNet152),Beach_900,"{'person': 13, 'kite': 6, 'surfboard': 1}",33.20525751113892
SSD_ResNet152_V1_FPN_1024x1024_(RetinaNet152),Beach_426,"{'person': 13, 'kite': 5, 'surfboard': 1, 'handbag': 1}",33.15179781913757
SSD_ResNet152_V1_FPN_1024x1024_(RetinaNet152),Dogs_636,"{'dog': 8, 'person': 5, 'car': 2, 'couch': 2, 'chair': 2, 'cow': 1}",33.12054843902588
SSD_ResNet152_V1_FPN_1024x1024_(RetinaNet152),Dogs_397,"{'dog': 7, 'person': 4, 'chair': 3, 'car': 2, 'couch': 2, 'cow': 1, 'umbrella': 1}",33.05093393325806
SSD_ResNet152_V1_FPN_1024x1024_(RetinaNet152),Naxos Taverna_1024,"{'chair': 14, 'potted plant': 3, 'vase': 1, 'umbrella': 1, 'dining table': 1}",33.05861520767212
SSD_ResNet152_V1_FPN_1024x1024_(RetinaNet152),Naxos Taverna_426,"{'chair': 14, 'potted plant': 3, 'vase': 1, 'umbrella': 1, 'dining table': 1}",33.207825756073
SSD_ResNet152_V1_FPN_1024x1024_(RetinaNet152),Beatles_1800,"{'horse': 5, 'vase': 4, 'bird': 4, 'clock': 2, 'backpack': 1, 'banana': 1, 'tie': 1, 'person': 1, 'sports ball': 1}",33.35647864341736
SSD_ResNet152_V1_FPN_1024x1024_(RetinaNet152),Beatles_640,"{'horse': 8, 'clock': 3, 'bird': 3, 'backpack': 1, 'tie': 1, 'vase': 1, 'sports ball': 1, 'elephant': 1, 'banana': 1}",33.16510744094849
SSD_ResNet152_V1_FPN_1024x1024_(RetinaNet152),Phones_768,"{'cell phone': 13, 'book': 4, 'remote': 2, 'dining table': 1}",33.182325506210326
SSD_ResNet152_V1_FPN_1024x1024_(RetinaNet152),Phones_480,"{'cell phone': 11, 'book': 3, 'cup': 2, 'remote': 2, 'dining table': 1, 'tv': 1}",33.32676434516907
SSD_ResNet152_V1_FPN_1024x1024_(RetinaNet152),Birds_2951,{'bird': 20},33.5530487537384
SSD_ResNet152_V1_FPN_1024x1024_(RetinaNet152),Birds_640,"{'bird': 19, 'cat': 1}",33.075765419006345
Faster_R-CNN_ResNet50_V1_640x640,Beach_900,"{'person': 13, 'kite': 7}",11.901099681854248
Faster_R-CNN_ResNet50_V1_640x640,Beach_426,"{'person': 13, 'kite': 7}",11.850307846069336
Faster_R-CNN_ResNet50_V1_640x640,Dogs_636,"{'person': 11, 'dog': 6, 'cow': 1, 'chair': 1}",11.912094926834106
Faster_R-CNN_ResNet50_V1_640x640,Dogs_397,"{'person': 10, 'dog': 6, 'cow': 1}",11.921957302093507
Faster_R-CNN_ResNet50_V1_640x640,Naxos Taverna_1024,"{'chair': 9, 'dining table': 3, 'potted plant': 3, 'umbrella': 2, 'person': 2, 'vase': 1}",11.860058259963989
Faster_R-CNN_ResNet50_V1_640x640,Naxos Taverna_426,"{'chair': 10, 'potted plant': 3, 'dining table': 2, 'umbrella': 2, 'bottle': 1, 'person': 1, 'vase': 1}",11.869125366210938
Faster_R-CNN_ResNet50_V1_640x640,Beatles_1800,"{'potted plant': 3, 'clock': 1, 'bird': 1, 'bicycle': 1, 'horse': 1}",11.930351638793946
Faster_R-CNN_ResNet50_V1_640x640,Beatles_640,"{'potted plant': 3, 'clock': 1, 'bird': 1, 'horse': 1}",11.899295377731324
Faster_R-CNN_ResNet50_V1_640x640,Phones_768,"{'cell phone': 12, 'remote': 2, 'knife': 1, 'handbag': 1, 'dining table': 1, 'laptop': 1}",11.870174598693847
Faster_R-CNN_ResNet50_V1_640x640,Phones_480,"{'cell phone': 12, 'remote': 2, 'knife': 1, 'dining table': 1, 'handbag': 1, 'laptop': 1}",11.938758277893067
Faster_R-CNN_ResNet50_V1_640x640,Birds_2951,"{'bird': 9, 'potted plant': 5, 'bed': 1, 'vase': 1, 'person': 1, 'elephant': 1, 'couch': 1, 'chair': 1}",12.012610483169556
Faster_R-CNN_ResNet50_V1_640x640,Birds_640,"{'bird': 9, 'potted plant': 5, 'couch': 2, 'bed': 1, 'elephant': 1, 'vase': 1, 'cat': 1}",11.903609657287598
Faster_R-CNN_ResNet50_V1_1024x1024,Beach_900,"{'person': 17, 'kite': 3}",17.095136833190917
Faster_R-CNN_ResNet50_V1_1024x1024,Beach_426,"{'person': 17, 'kite': 3}",17.11695532798767
Faster_R-CNN_ResNet50_V1_1024x1024,Dogs_636,"{'person': 10, 'dog': 6, 'horse': 3, 'scissors': 1}",17.230922985076905
Faster_R-CNN_ResNet50_V1_1024x1024,Dogs_397,"{'person': 11, 'horse': 4, 'dog': 2, 'scissors': 2, 'cow': 1}",17.27967700958252
Faster_R-CNN_ResNet50_V1_1024x1024,Naxos Taverna_1024,"{'chair': 9, 'vase': 4, 'dining table': 3, 'potted plant': 2, 'umbrella': 1, 'person': 1}",17.18760938644409
Faster_R-CNN_ResNet50_V1_1024x1024,Naxos Taverna_426,"{'chair': 10, 'vase': 3, 'dining table': 3, 'umbrella': 2, 'potted plant': 1, 'person': 1}",17.15248899459839
Faster_R-CNN_ResNet50_V1_1024x1024,Beatles_1800,"{'bird': 8, 'motorcycle': 2, 'vase': 1, 'potted plant': 1}",17.22970280647278
Faster_R-CNN_ResNet50_V1_1024x1024,Beatles_640,"{'bird': 5, 'horse': 2, 'vase': 1, 'backpack': 1, 'motorcycle': 1}",17.204336166381836
Faster_R-CNN_ResNet50_V1_1024x1024,Phones_768,"{'cell phone': 12, 'remote': 2, 'handbag': 1, 'knife': 1, 'book': 1, 'cup': 1}",17.136890029907228
Faster_R-CNN_ResNet50_V1_1024x1024,Phones_480,"{'cell phone': 12, 'remote': 2, 'knife': 1, 'keyboard': 1, 'handbag': 1, 'book': 1}",17.145353698730467
Faster_R-CNN_ResNet50_V1_1024x1024,Birds_2951,"{'bird': 19, 'potted plant': 1}",17.355048847198486
Faster_R-CNN_ResNet50_V1_1024x1024,Birds_640,"{'bird': 14, 'potted plant': 3, 'fork': 2}",17.270506811141967
Faster_R-CNN_ResNet50_V1_800x1333,Beach_900,"{'person': 12, 'kite': 7, 'cow': 1}",20.478606081008913
Faster_R-CNN_ResNet50_V1_800x1333,Beach_426,"{'person': 13, 'kite': 7}",20.484472799301148
Faster_R-CNN_ResNet50_V1_800x1333,Dogs_636,"{'person': 9, 'dog': 6, 'chair': 2, 'car': 1, 'cow': 1, 'handbag': 1}",20.642854976654053
Faster_R-CNN_ResNet50_V1_800x1333,Dogs_397,"{'person': 9, 'dog': 6, 'car': 1, 'cow': 1, 'chair': 1, 'handbag': 1, 'motorcycle': 1}",20.611175632476808
Faster_R-CNN_ResNet50_V1_800x1333,Naxos Taverna_1024,"{'chair': 9, 'potted plant': 4, 'vase': 3, 'dining table': 3, 'umbrella': 1}",20.470706129074095
Faster_R-CNN_ResNet50_V1_800x1333,Naxos Taverna_426,"{'chair': 10, 'potted plant': 3, 'vase': 3, 'dining table': 3, 'umbrella': 1}",20.52715368270874
Faster_R-CNN_ResNet50_V1_800x1333,Beatles_1800,"{'bird': 6, 'horse': 4, 'kite': 3, 'backpack': 3, 'potted plant': 2, 'vase': 1, 'person': 1}",20.54735918045044
Faster_R-CNN_ResNet50_V1_800x1333,Beatles_640,"{'bird': 6, 'potted plant': 4, 'horse': 3, 'vase': 1, 'kite': 1, 'motorcycle': 1}",20.645827770233154
Faster_R-CNN_ResNet50_V1_800x1333,Phones_768,"{'cell phone': 11, 'book': 4, 'laptop': 1, 'handbag': 1, 'remote': 1, 'dining table': 1, 'chair': 1}",20.591526222229003
Faster_R-CNN_ResNet50_V1_800x1333,Phones_480,"{'cell phone': 14, 'book': 3, 'remote': 1, 'handbag': 1, 'laptop': 1}",20.562930727005003
Faster_R-CNN_ResNet50_V1_800x1333,Birds_2951,"{'bird': 18, 'potted plant': 1, 'fork': 1}",20.806539297103882
Faster_R-CNN_ResNet50_V1_800x1333,Birds_640,"{'bird': 16, 'potted plant': 3, 'vase': 1}",20.5863254070282
Faster_R-CNN_ResNet101_V1_640x640,Beach_900,"{'person': 15, 'kite': 5}",14.605672645568848
Faster_R-CNN_ResNet101_V1_640x640,Beach_426,"{'person': 15, 'kite': 5}",14.614323472976684
Faster_R-CNN_ResNet101_V1_640x640,Dogs_636,"{'dog': 3, 'person': 3, 'cow': 1, 'chair': 1}",14.622360801696777
Faster_R-CNN_ResNet101_V1_640x640,Dogs_397,"{'dog': 4, 'person': 3, 'cow': 1, 'bottle': 1}",14.602697801589965
Faster_R-CNN_ResNet101_V1_640x640,Naxos Taverna_1024,"{'chair': 10, 'dining table': 6, 'potted plant': 3, 'umbrella': 1}",14.620264482498168
Faster_R-CNN_ResNet101_V1_640x640,Naxos Taverna_426,"{'chair': 9, 'potted plant': 6, 'dining table': 4, 'umbrella': 1}",14.569547510147094
Faster_R-CNN_ResNet101_V1_640x640,Beatles_1800,"{'clock': 1, 'bird': 1, 'vase': 1, 'horse': 1}",14.662872982025146
Faster_R-CNN_ResNet101_V1_640x640,Beatles_640,"{'clock': 1, 'vase': 1, 'bird': 1}",14.600329446792603
Faster_R-CNN_ResNet101_V1_640x640,Phones_768,"{'cell phone': 10, 'dining table': 1, 'remote': 1, 'handbag': 1, 'book': 1, 'knife': 1}",14.566305828094482
Faster_R-CNN_ResNet101_V1_640x640,Phones_480,"{'cell phone': 10, 'handbag': 1, 'remote': 1, 'knife': 1, 'dining table': 1}",14.626874113082886
Faster_R-CNN_ResNet101_V1_640x640,Birds_2951,"{'bird': 13, 'banana': 2, 'potted plant': 2, 'chair': 1}",14.762158393859863
Faster_R-CNN_ResNet101_V1_640x640,Birds_640,"{'bird': 16, 'potted plant': 3, 'banana': 1}",14.6108567237854
Faster_R-CNN_ResNet101_V1_1024x1024,Beach_900,"{'person': 13, 'kite': 7}",23.864869785308837
Faster_R-CNN_ResNet101_V1_1024x1024,Beach_426,"{'person': 14, 'kite': 6}",23.866272830963133
Faster_R-CNN_ResNet101_V1_1024x1024,Dogs_636,"{'person': 11, 'dog': 5, 'cow': 2, 'cat': 1}",23.89031939506531
Faster_R-CNN_ResNet101_V1_1024x1024,Dogs_397,"{'person': 11, 'dog': 4, 'cow': 2, 'horse': 2, 'cat': 1}",23.8829327583313
Faster_R-CNN_ResNet101_V1_1024x1024,Naxos Taverna_1024,"{'chair': 10, 'vase': 4, 'dining table': 3, 'umbrella': 1, 'potted plant': 1, 'person': 1}",23.768740463256837
Faster_R-CNN_ResNet101_V1_1024x1024,Naxos Taverna_426,"{'chair': 8, 'vase': 5, 'potted plant': 3, 'dining table': 2, 'umbrella': 1, 'person': 1}",23.833029890060423
Faster_R-CNN_ResNet101_V1_1024x1024,Beatles_1800,"{'backpack': 2, 'clock': 1}",23.901686334609984
Faster_R-CNN_ResNet101_V1_1024x1024,Beatles_640,{'clock': 1},23.808873176574707
Faster_R-CNN_ResNet101_V1_1024x1024,Phones_768,"{'cell phone': 10, 'book': 2, 'handbag': 1, 'laptop': 1, 'remote': 1, 'knife': 1}",23.860946083068846
Faster_R-CNN_ResNet101_V1_1024x1024,Phones_480,"{'cell phone': 10, 'book': 1, 'laptop': 1, 'dining table': 1, 'handbag': 1, 'remote': 1}",23.790084314346313
Faster_R-CNN_ResNet101_V1_1024x1024,Birds_2951,"{'bird': 12, 'fork': 3, 'umbrella': 1}",24.048125505447388
Faster_R-CNN_ResNet101_V1_1024x1024,Birds_640,"{'bird': 8, 'fork': 3, 'umbrella': 1, 'potted plant': 1, 'spoon': 1}",23.767136907577516
Faster_R-CNN_ResNet101_V1_800x1333,Beach_900,"{'person': 11, 'kite': 7, 'backpack': 1, 'surfboard': 1}",31.70337133407593
Faster_R-CNN_ResNet101_V1_800x1333,Beach_426,"{'person': 13, 'kite': 6, 'surfboard': 1}",31.768881225585936
Faster_R-CNN_ResNet101_V1_800x1333,Dogs_636,"{'person': 9, 'dog': 5, 'knife': 1, 'chair': 1, 'cat': 1}",31.864709663391114
Faster_R-CNN_ResNet101_V1_800x1333,Dogs_397,"{'person': 7, 'dog': 4, 'car': 1, 'chair': 1, 'cow': 1, 'cat': 1}",31.85786461830139
Faster_R-CNN_ResNet101_V1_800x1333,Naxos Taverna_1024,"{'chair': 9, 'potted plant': 4, 'vase': 3, 'dining table': 3, 'cell phone': 1}",31.84792561531067
Faster_R-CNN_ResNet101_V1_800x1333,Naxos Taverna_426,"{'chair': 9, 'potted plant': 4, 'dining table': 4, 'vase': 2, 'umbrella': 1}",31.78688988685608
Faster_R-CNN_ResNet101_V1_800x1333,Beatles_1800,"{'kite': 5, 'bird': 4, 'vase': 3, 'person': 2, 'clock': 2, 'potted plant': 1, 'horse': 1}",31.813818740844727
Faster_R-CNN_ResNet101_V1_800x1333,Beatles_640,"{'horse': 2, 'kite': 2, 'bird': 2, 'clock': 2, 'vase': 1, 'potted plant': 1}",31.805754566192626
Faster_R-CNN_ResNet101_V1_800x1333,Phones_768,"{'cell phone': 12, 'laptop': 3, 'handbag': 1, 'remote': 1, 'book': 1, 'chair': 1}",31.70744194984436
Faster_R-CNN_ResNet101_V1_800x1333,Phones_480,"{'cell phone': 12, 'laptop': 2, 'handbag': 1, 'chair': 1, 'remote': 1}",31.851318502426146
Faster_R-CNN_ResNet101_V1_800x1333,Birds_2951,"{'bird': 16, 'vase': 1, 'potted plant': 1, 'book': 1, 'cat': 1}",32.0519944190979
Faster_R-CNN_ResNet101_V1_800x1333,Birds_640,"{'bird': 14, 'potted plant': 2, 'cat': 1, 'chair': 1, 'book': 1, 'fork': 1}",31.842060852050782
Faster_R-CNN_ResNet152_V1_640x640,Beach_900,"{'person': 13, 'kite': 7}",17.324888753890992
Faster_R-CNN_ResNet152_V1_640x640,Beach_426,"{'person': 13, 'kite': 7}",17.357021808624268
Faster_R-CNN_ResNet152_V1_640x640,Dogs_636,"{'person': 4, 'dog': 3, 'horse': 1}",17.346853065490723
Faster_R-CNN_ResNet152_V1_640x640,Dogs_397,"{'dog': 3, 'person': 3}",17.3250780582428
Faster_R-CNN_ResNet152_V1_640x640,Naxos Taverna_1024,"{'chair': 10, 'dining table': 5, 'potted plant': 3, 'umbrella': 1, 'vase': 1}",17.31618461608887
Faster_R-CNN_ResNet152_V1_640x640,Naxos Taverna_426,"{'chair': 10, 'dining table': 5, 'potted plant': 3, 'vase': 1, 'umbrella': 1}",17.360986995697022
Faster_R-CNN_ResNet152_V1_640x640,Beatles_1800,"{'bird': 2, 'clock': 1, 'potted plant': 1, 'horse': 1, 'person': 1, 'bicycle': 1}",17.25826487541199
Faster_R-CNN_ResNet152_V1_640x640,Beatles_640,"{'potted plant': 2, 'horse': 2, 'clock': 1, 'bicycle': 1, 'vase': 1, 'scissors': 1}",17.328866815567018
Faster_R-CNN_ResNet152_V1_640x640,Phones_768,"{'cell phone': 8, 'book': 2, 'remote': 1, 'cup': 1, 'handbag': 1, 'knife': 1}",17.296620178222657
Faster_R-CNN_ResNet152_V1_640x640,Phones_480,"{'cell phone': 10, 'book': 2, 'cup': 1, 'remote': 1, 'handbag': 1, 'scissors': 1, 'knife': 1}",17.38015537261963
Faster_R-CNN_ResNet152_V1_640x640,Birds_2951,"{'bird': 9, 'potted plant': 4, 'chair': 2, 'cat': 1, 'kite': 1, 'book': 1, 'banana': 1}",17.534580039978028
Faster_R-CNN_ResNet152_V1_640x640,Birds_640,"{'bird': 8, 'potted plant': 3, 'chair': 2, 'cat': 1, 'book': 1, 'kite': 1}",17.322425603866577
Faster_R-CNN_ResNet152_V1_1024x1024,Beach_900,"{'person': 11, 'kite': 9}",30.646668195724487
Faster_R-CNN_ResNet152_V1_1024x1024,Beach_426,"{'person': 13, 'kite': 7}",30.766769027709962
Faster_R-CNN_ResNet152_V1_1024x1024,Dogs_636,"{'person': 14, 'dog': 2, 'horse': 2, 'cow': 1, 'umbrella': 1}",30.848563528060915
Faster_R-CNN_ResNet152_V1_1024x1024,Dogs_397,"{'person': 9, 'dog': 3, 'horse': 2, 'backpack': 2, 'cow': 1, 'umbrella': 1}",30.682808923721314
Faster_R-CNN_ResNet152_V1_1024x1024,Naxos Taverna_1024,"{'chair': 7, 'potted plant': 4, 'dining table': 3, 'vase': 2, 'person': 2, 'umbrella': 1, 'bowl': 1}",30.537056255340577
Faster_R-CNN_ResNet152_V1_1024x1024,Naxos Taverna_426,"{'chair': 7, 'potted plant': 4, 'dining table': 4, 'vase': 2, 'umbrella': 2, 'person': 1}",30.699298620224
Faster_R-CNN_ResNet152_V1_1024x1024,Beatles_1800,"{'horse': 3, 'kite': 1}",30.753681564331053
Faster_R-CNN_ResNet152_V1_1024x1024,Beatles_640,"{'horse': 4, 'apple': 1, 'potted plant': 1}",30.746051120758057
Faster_R-CNN_ResNet152_V1_1024x1024,Phones_768,"{'cell phone': 10, 'remote': 1, 'book': 1, 'knife': 1}",30.820429039001464
Faster_R-CNN_ResNet152_V1_1024x1024,Phones_480,"{'cell phone': 9, 'remote': 2, 'book': 1, 'laptop': 1, 'knife': 1}",30.55046925544739
Faster_R-CNN_ResNet152_V1_1024x1024,Birds_2951,"{'bird': 9, 'fork': 1, 'banana': 1, 'potted plant': 1}",30.834410858154296
Faster_R-CNN_ResNet152_V1_1024x1024,Birds_640,"{'bird': 6, 'dining table': 1, 'fork': 1}",30.781119918823244
Faster_R-CNN_ResNet152_V1_800x1333,Beach_900,"{'person': 10, 'kite': 7, 'surfboard': 1, 'boat': 1, 'cow': 1}",43.472022199630736
Faster_R-CNN_ResNet152_V1_800x1333,Beach_426,"{'person': 11, 'kite': 7, 'surfboard': 2}",43.46790704727173
Faster_R-CNN_ResNet152_V1_800x1333,Dogs_636,"{'person': 13, 'dog': 2, 'horse': 1, 'chair': 1}",43.690289211273196
Faster_R-CNN_ResNet152_V1_800x1333,Dogs_397,"{'person': 12, 'dog': 2, 'chair': 2, 'horse': 1, 'sheep': 1}",43.47346901893616
Faster_R-CNN_ResNet152_V1_800x1333,Naxos Taverna_1024,"{'chair': 11, 'vase': 4, 'dining table': 2, 'potted plant': 2, 'umbrella': 1}",43.52618517875671
Faster_R-CNN_ResNet152_V1_800x1333,Naxos Taverna_426,"{'chair': 9, 'vase': 3, 'dining table': 3, 'potted plant': 3, 'umbrella': 1, 'person': 1}",43.52082233428955
Faster_R-CNN_ResNet152_V1_800x1333,Beatles_1800,"{'clock': 2, 'kite': 2, 'vase': 1, 'backpack': 1, 'skis': 1}",43.64734859466553
Faster_R-CNN_ResNet152_V1_800x1333,Beatles_640,"{'clock': 2, 'backpack': 1, 'potted plant': 1, 'kite': 1, 'vase': 1}",43.6824116230011
Faster_R-CNN_ResNet152_V1_800x1333,Phones_768,"{'cell phone': 9, 'book': 3, 'handbag': 2, 'remote': 1, 'cup': 1, 'knife': 1, 'chair': 1}",43.83117175102234
Faster_R-CNN_ResNet152_V1_800x1333,Phones_480,"{'cell phone': 10, 'remote': 2, 'knife': 1, 'handbag': 1, 'chair': 1, 'cup': 1, 'laptop': 1, 'book': 1}",43.691526079177855
Faster_R-CNN_ResNet152_V1_800x1333,Birds_2951,"{'bird': 18, 'fork': 2}",43.81621322631836
Faster_R-CNN_ResNet152_V1_800x1333,Birds_640,"{'bird': 18, 'potted plant': 1, 'fork': 1}",43.68206419944763
Faster_R-CNN_Inception_ResNet_V2_640x640,Beach_900,"{'person': 11, 'kite': 9}",73.290349817276
Faster_R-CNN_Inception_ResNet_V2_640x640,Beach_426,"{'person': 10, 'kite': 9, 'bird': 1}",73.07612113952636
Faster_R-CNN_Inception_ResNet_V2_640x640,Dogs_636,"{'person': 5, 'dog': 4, 'cow': 1, 'horse': 1}",73.24994130134583
Faster_R-CNN_Inception_ResNet_V2_640x640,Dogs_397,"{'dog': 4, 'person': 4, 'cow': 1}",73.24740061759948
Faster_R-CNN_Inception_ResNet_V2_640x640,Naxos Taverna_1024,"{'chair': 9, 'dining table': 4, 'umbrella': 3, 'potted plant': 3, 'vase': 1}",73.09033489227295
Faster_R-CNN_Inception_ResNet_V2_640x640,Naxos Taverna_426,"{'chair': 11, 'dining table': 5, 'umbrella': 2, 'vase': 1, 'potted plant': 1}",72.86903014183045
Faster_R-CNN_Inception_ResNet_V2_640x640,Beatles_1800,"{'bird': 5, 'clock': 1, 'person': 1, 'tv': 1, 'book': 1}",73.05930523872375
Faster_R-CNN_Inception_ResNet_V2_640x640,Beatles_640,"{'bird': 4, 'clock': 1, 'tv': 1, 'book': 1, 'motorcycle': 1}",72.85122456550599
Faster_R-CNN_Inception_ResNet_V2_640x640,Phones_768,"{'cell phone': 9, 'book': 2, 'remote': 2, 'dining table': 1, 'bed': 1, 'laptop': 1}",72.99679899215698
Faster_R-CNN_Inception_ResNet_V2_640x640,Phones_480,"{'cell phone': 9, 'book': 3, 'remote': 2, 'bed': 1, 'laptop': 1, 'dining table': 1}",72.79462914466858
Faster_R-CNN_Inception_ResNet_V2_640x640,Birds_2951,"{'bird': 12, 'surfboard': 1}",73.23201432228089
Faster_R-CNN_Inception_ResNet_V2_640x640,Birds_640,{'bird': 11},72.8344199180603
Faster_R-CNN_Inception_ResNet_V2_1024x1024,Beach_900,"{'person': 13, 'kite': 7}",89.8013777256012
Faster_R-CNN_Inception_ResNet_V2_1024x1024,Beach_426,"{'person': 14, 'kite': 6}",89.99359769821167
Faster_R-CNN_Inception_ResNet_V2_1024x1024,Dogs_636,"{'person': 7, 'dog': 3, 'car': 1, 'chair': 1}",90.52351169586181
Faster_R-CNN_Inception_ResNet_V2_1024x1024,Dogs_397,"{'person': 5, 'dog': 3, 'car': 2, 'teddy bear': 1}",90.02586674690247
Faster_R-CNN_Inception_ResNet_V2_1024x1024,Naxos Taverna_1024,"{'chair': 9, 'vase': 4, 'dining table': 3, 'potted plant': 3, 'umbrella': 1}",90.12581758499145
Faster_R-CNN_Inception_ResNet_V2_1024x1024,Naxos Taverna_426,"{'chair': 8, 'dining table': 4, 'vase': 3, 'potted plant': 3, 'umbrella': 1, 'person': 1}",90.04352869987488
Faster_R-CNN_Inception_ResNet_V2_1024x1024,Beatles_1800,"{'bird': 6, 'kite': 3}",89.9362973690033
Faster_R-CNN_Inception_ResNet_V2_1024x1024,Beatles_640,"{'bird': 5, 'kite': 2, 'bicycle': 1}",89.73189663887024
Faster_R-CNN_Inception_ResNet_V2_1024x1024,Phones_768,"{'cell phone': 9, 'book': 6, 'remote': 1}",89.8491018295288
Faster_R-CNN_Inception_ResNet_V2_1024x1024,Phones_480,"{'cell phone': 12, 'book': 4}",89.9516547679901
Faster_R-CNN_Inception_ResNet_V2_1024x1024,Birds_2951,"{'bird': 17, 'book': 1, 'banana': 1, 'potted plant': 1}",90.28569521903992
Faster_R-CNN_Inception_ResNet_V2_1024x1024,Birds_640,"{'bird': 16, 'banana': 1, 'book': 1}",90.08178567886353
Mask_R-CNN_Inception_ResNet_V2_1024x1024,Beach_900,"{'person': 13, 'kite': 7}",138.629305267334
Mask_R-CNN_Inception_ResNet_V2_1024x1024,Beach_426,"{'person': 13, 'kite': 7}",137.86498370170594
Mask_R-CNN_Inception_ResNet_V2_1024x1024,Dogs_636,"{'person': 6, 'dog': 2, 'car': 1, 'handbag': 1}",138.85587940216064
Mask_R-CNN_Inception_ResNet_V2_1024x1024,Dogs_397,"{'person': 3, 'dog': 2, 'car': 1}",139.0979429244995
Mask_R-CNN_Inception_ResNet_V2_1024x1024,Naxos Taverna_1024,"{'chair': 6, 'dining table': 5, 'potted plant': 4, 'vase': 2, 'person': 2, 'umbrella': 1}",138.1675431728363
Mask_R-CNN_Inception_ResNet_V2_1024x1024,Naxos Taverna_426,"{'chair': 10, 'potted plant': 4, 'dining table': 4, 'vase': 1, 'umbrella': 1}",138.30971722602845
Mask_R-CNN_Inception_ResNet_V2_1024x1024,Beatles_1800,"{'clock': 1, 'kite': 1}",138.27944650650025
Mask_R-CNN_Inception_ResNet_V2_1024x1024,Beatles_640,"{'bird': 4, 'clock': 1}",139.0421203136444
Mask_R-CNN_Inception_ResNet_V2_1024x1024,Phones_768,"{'cell phone': 10, 'handbag': 1, 'remote': 1, 'backpack': 1}",138.86409196853637
Mask_R-CNN_Inception_ResNet_V2_1024x1024,Phones_480,"{'cell phone': 9, 'handbag': 1, 'remote': 1, 'backpack': 1, 'dining table': 1}",142.58421258926393
Mask_R-CNN_Inception_ResNet_V2_1024x1024,Birds_2951,{'bird': 5},138.9887592792511
Mask_R-CNN_Inception_ResNet_V2_1024x1024,Birds_640,"{'bird': 6, 'umbrella': 1}",138.45223913192748
